{"cameraMode":{"drawMode":0,"name":"Shaded","section":"Shading Mode"},"sceneLighting":false,"audioPlay":false,"sceneViewState":{"m_AlwaysRefresh":false,"showFog":true,"showSkybox":false,"showFlares":true,"showImageEffects":true,"showParticleSystems":true,"showVisualEffectGraphs":true,"m_FxEnabled":true},"in2DMode":false,"pivot":{"x":0.6208831071853638,"y":-0.44779539108276369,"z":0.8672791719436646},"rotation":{"x":-0.09905613213777542,"y":-0.9001473784446716,"z":0.31923896074295046,"w":-0.27933254837989809},"size":0.7379258275032044,"orthographic":false}