{"cameraMode":{"drawMode":0,"name":"Shaded","section":"Shading Mode"},"sceneLighting":false,"audioPlay":false,"sceneViewState":{"m_AlwaysRefresh":false,"showFog":false,"showSkybox":false,"showFlares":false,"showImageEffects":false,"showParticleSystems":false,"showVisualEffectGraphs":true,"m_FxEnabled":true},"in2DMode":false,"pivot":{"x":0.3054617941379547,"y":0.7859516739845276,"z":0.02476733922958374},"rotation":{"x":-0.015274593606591225,"y":-0.9806411266326904,"z":0.17572307586669923,"w":-0.08524315059185028},"size":1.4867503643035889,"orthographic":false}