{"cameraMode":{"drawMode":0,"name":"Shaded","section":"Shading Mode"},"sceneLighting":false,"audioPlay":false,"sceneViewState":{"m_AlwaysRefresh":false,"showFog":true,"showSkybox":false,"showFlares":true,"showImageEffects":true,"showParticleSystems":true,"showVisualEffectGraphs":true,"m_FxEnabled":true},"in2DMode":false,"pivot":{"x":-0.6325588226318359,"y":-0.05746491253376007,"z":-0.3657578229904175},"rotation":{"x":-0.04921223595738411,"y":0.7301993370056152,"z":-0.052894994616508487,"w":-0.6794121265411377},"size":0.8918904662132263,"orthographic":false}