{"cameraMode":{"drawMode":0,"name":"Shaded","section":"Shading Mode"},"sceneLighting":false,"audioPlay":false,"sceneViewState":{"m_AlwaysRefresh":false,"showFog":true,"showSkybox":false,"showFlares":true,"showImageEffects":true,"showParticleSystems":true,"showVisualEffectGraphs":true,"m_FxEnabled":true},"in2DMode":false,"pivot":{"x":0.1808730959892273,"y":0.08464595675468445,"z":0.48405006527900698},"rotation":{"x":0.4229729473590851,"y":0.564368486404419,"z":-0.415662556886673,"w":0.5742958188056946},"size":0.09710071235895157,"orthographic":false}