{"cameraMode":{"drawMode":0,"name":"Shaded","section":"Shading Mode"},"sceneLighting":false,"audioPlay":false,"sceneViewState":{"m_AlwaysRefresh":false,"showFog":true,"showSkybox":false,"showFlares":true,"showImageEffects":true,"showParticleSystems":true,"showVisualEffectGraphs":true,"m_FxEnabled":true},"in2DMode":false,"pivot":{"x":0.17666377127170564,"y":0.0901382640004158,"z":0.5632303953170776},"rotation":{"x":0.19319334626197816,"y":-0.6370338201522827,"z":0.1693316102027893,"w":0.7267757654190064},"size":0.10127613693475723,"orthographic":false}