{"cameraMode":{"drawMode":0,"name":"Shaded","section":"Shading Mode"},"sceneLighting":false,"audioPlay":false,"sceneViewState":{"m_AlwaysRefresh":false,"showFog":true,"showSkybox":false,"showFlares":true,"showImageEffects":true,"showParticleSystems":true,"showVisualEffectGraphs":true,"m_FxEnabled":true},"in2DMode":false,"pivot":{"x":-0.11065959930419922,"y":2.129814624786377,"z":0.03054189682006836},"rotation":{"x":-0.6054812073707581,"y":-0.30050429701805117,"z":0.2645431458950043,"w":-0.6878398656845093},"size":3.6602249145507814,"orthographic":false}