{"cameraMode":{"drawMode":0,"name":"Shaded","section":"Shading Mode"},"sceneLighting":false,"audioPlay":false,"sceneViewState":{"m_AlwaysRefresh":false,"showFog":true,"showSkybox":false,"showFlares":true,"showImageEffects":true,"showParticleSystems":true,"showVisualEffectGraphs":true,"m_FxEnabled":true},"in2DMode":false,"pivot":{"x":0.9655081629753113,"y":-0.4719085097312927,"z":-0.7672792673110962},"rotation":{"x":0.015832416713237764,"y":0.9840959310531616,"z":-0.11897086352109909,"w":0.13096189498901368},"size":2.7020678520202638,"orthographic":false}