{"cameraMode":{"drawMode":0,"name":"Shaded","section":"Shading Mode"},"sceneLighting":false,"audioPlay":false,"sceneViewState":{"m_AlwaysRefresh":false,"showFog":true,"showSkybox":false,"showFlares":true,"showImageEffects":true,"showParticleSystems":true,"showVisualEffectGraphs":true,"m_FxEnabled":true},"in2DMode":false,"pivot":{"x":0.3324768841266632,"y":0.08472836017608643,"z":0.38574308156967165},"rotation":{"x":0.19319334626197816,"y":-0.6370338201522827,"z":0.1693316102027893,"w":0.7267757654190064},"size":0.0971265360713005,"orthographic":false}