{"cameraMode":{"drawMode":0,"name":"Shaded","section":"Shading Mode"},"sceneLighting":true,"audioPlay":false,"sceneViewState":{"m_AlwaysRefresh":false,"showFog":true,"showSkybox":true,"showFlares":true,"showImageEffects":true,"showParticleSystems":true,"showVisualEffectGraphs":true,"m_FxEnabled":true},"in2DMode":false,"pivot":{"x":-1.2383898496627808,"y":-21.965293884277345,"z":-8.353395462036133},"rotation":{"x":-0.4039248824119568,"y":0.012292850762605667,"z":-0.005716593004763126,"w":-0.9147818088531494},"size":23.07859992980957,"orthographic":false}