{"cameraMode":{"drawMode":0,"name":"Shaded","section":"Shading Mode"},"sceneLighting":false,"audioPlay":false,"sceneViewState":{"m_AlwaysRefresh":false,"showFog":true,"showSkybox":false,"showFlares":true,"showImageEffects":true,"showParticleSystems":true,"showVisualEffectGraphs":true,"m_FxEnabled":true},"in2DMode":false,"pivot":{"x":3.725290298461914e-8,"y":0.2739640772342682,"z":-1.1175870895385743e-8},"rotation":{"x":-0.02700861357152462,"y":0.9552987813949585,"z":-0.09229007363319397,"w":-0.2795671224594116},"size":0.28681108355522158,"orthographic":false}