{"cameraMode":{"drawMode":0,"name":"Shaded","section":"Shading Mode"},"sceneLighting":false,"audioPlay":false,"sceneViewState":{"m_AlwaysRefresh":false,"showFog":true,"showSkybox":false,"showFlares":true,"showImageEffects":true,"showParticleSystems":true,"showVisualEffectGraphs":true,"m_FxEnabled":true},"in2DMode":false,"pivot":{"x":-0.1430950164794922,"y":0.025138702243566514,"z":0.20229148864746095},"rotation":{"x":0.000787150114774704,"y":0.9929338693618774,"z":-0.11852886527776718,"w":0.006568817887455225},"size":0.33983659744262698,"orthographic":false}