{"cameraMode":{"drawMode":0,"name":"Shaded","section":"Shading Mode"},"sceneLighting":false,"audioPlay":false,"sceneViewState":{"m_AlwaysRefresh":false,"showFog":true,"showSkybox":false,"showFlares":true,"showImageEffects":true,"showParticleSystems":true,"showVisualEffectGraphs":true,"m_FxEnabled":true},"in2DMode":false,"pivot":{"x":0.4472314119338989,"y":0.5821623802185059,"z":-1.2038570642471314},"rotation":{"x":-0.02650429680943489,"y":-0.8682556748390198,"z":-0.04666314646601677,"w":0.49322569370269778},"size":1.9934906959533692,"orthographic":false}