{"cameraMode":{"drawMode":0,"name":"Shaded","section":"Shading Mode"},"sceneLighting":false,"audioPlay":false,"sceneViewState":{"m_AlwaysRefresh":false,"showFog":true,"showSkybox":false,"showFlares":true,"showImageEffects":true,"showParticleSystems":true,"showVisualEffectGraphs":true,"m_FxEnabled":true},"in2DMode":false,"pivot":{"x":-0.08411836624145508,"y":0.07469373941421509,"z":0.29122620820999148},"rotation":{"x":-0.12744933366775514,"y":-0.7563308477401733,"z":0.622718870639801,"w":-0.15481816232204438},"size":3.0519683361053469,"orthographic":false}