{"cameraMode":{"drawMode":0,"name":"Shaded","section":"Shading Mode"},"sceneLighting":false,"audioPlay":false,"sceneViewState":{"m_AlwaysRefresh":false,"showFog":true,"showSkybox":false,"showFlares":true,"showImageEffects":true,"showParticleSystems":true,"showVisualEffectGraphs":true,"m_FxEnabled":true},"in2DMode":false,"pivot":{"x":0.030000001192092897,"y":0.07000000029802323,"z":0.01000000536441803},"rotation":{"x":0.12429179251194,"y":0.8458536267280579,"z":-0.22483423352241517,"w":0.46752268075942995},"size":0.2104756385087967,"orthographic":true}