{"cameraMode":{"drawMode":0,"name":"Shaded","section":"Shading Mode"},"sceneLighting":false,"audioPlay":false,"sceneViewState":{"m_AlwaysRefresh":false,"showFog":true,"showSkybox":false,"showFlares":true,"showImageEffects":true,"showParticleSystems":true,"showVisualEffectGraphs":true,"m_FxEnabled":true},"in2DMode":false,"pivot":{"x":0.029916882514953615,"y":0.009725332260131836,"z":1.2478704452514649},"rotation":{"x":-0.15377327799797059,"y":0.5661971569061279,"z":-0.10847615450620651,"w":-0.8025264739990234},"size":2.8703300952911379,"orthographic":true}