{"cameraMode":{"drawMode":0,"name":"Shaded","section":"Shading Mode"},"sceneLighting":false,"audioPlay":false,"sceneViewState":{"m_AlwaysRefresh":false,"showFog":true,"showSkybox":false,"showFlares":true,"showImageEffects":true,"showParticleSystems":true,"showVisualEffectGraphs":true,"m_FxEnabled":true},"in2DMode":false,"pivot":{"x":-1.2441129684448243,"y":0.0962398499250412,"z":0.9506258964538574},"rotation":{"x":-0.007136206608265638,"y":-0.12089056521654129,"z":-0.0008766087121330202,"w":0.9926477670669556},"size":1.6148390769958497,"orthographic":false}