{"cameraMode":{"drawMode":0,"name":"Shaded","section":"Shading Mode"},"sceneLighting":false,"audioPlay":false,"sceneViewState":{"m_AlwaysRefresh":false,"showFog":true,"showSkybox":false,"showFlares":true,"showImageEffects":true,"showParticleSystems":true,"showVisualEffectGraphs":true,"m_FxEnabled":true},"in2DMode":false,"pivot":{"x":759.5128784179688,"y":276.4502868652344,"z":-8.085342407226563},"rotation":{"x":0.0767320916056633,"y":0.008655034936964512,"z":-0.0006641376530751586,"w":0.9970189332962036},"size":102.03277587890625,"orthographic":false}