{"cameraMode":{"drawMode":0,"name":"Shaded","section":"Shading Mode"},"sceneLighting":false,"audioPlay":false,"sceneViewState":{"m_AlwaysRefresh":false,"showFog":true,"showSkybox":false,"showFlares":true,"showImageEffects":true,"showParticleSystems":true,"showVisualEffectGraphs":true,"m_FxEnabled":true},"in2DMode":false,"pivot":{"x":-0.04173469543457031,"y":3.0791964530944826,"z":-2.492987632751465},"rotation":{"x":-0.15377327799797059,"y":0.5661971569061279,"z":-0.10847615450620651,"w":-0.8025264739990234},"size":11.026046752929688,"orthographic":true}