{"cameraMode":{"drawMode":0,"name":"Shaded","section":"Shading Mode"},"sceneLighting":false,"audioPlay":false,"sceneViewState":{"m_AlwaysRefresh":false,"showFog":true,"showSkybox":false,"showFlares":true,"showImageEffects":true,"showParticleSystems":true,"showVisualEffectGraphs":true,"m_FxEnabled":true},"in2DMode":false,"pivot":{"x":0.6592435836791992,"y":0.9200006723403931,"z":-0.0763235092163086},"rotation":{"x":-0.0069030821323394779,"y":0.963219165802002,"z":-0.024867072701454164,"w":-0.2674962282180786},"size":2.2160379886627199,"orthographic":false}