{"cameraMode":{"drawMode":0,"name":"Shaded","section":"Shading Mode"},"sceneLighting":false,"audioPlay":false,"sceneViewState":{"m_AlwaysRefresh":false,"showFog":true,"showSkybox":false,"showFlares":true,"showImageEffects":true,"showParticleSystems":true,"showVisualEffectGraphs":true,"m_FxEnabled":true},"in2DMode":false,"pivot":{"x":0.029243946075439454,"y":0.03618812561035156,"z":1.041780948638916},"rotation":{"x":-0.15377327799797059,"y":0.5661971569061279,"z":-0.10847615450620651,"w":-0.8025264739990234},"size":2.745429754257202,"orthographic":true}