{"cameraMode":{"drawMode":0,"name":"Shaded","section":"Shading Mode"},"sceneLighting":false,"audioPlay":false,"sceneViewState":{"m_AlwaysRefresh":false,"showFog":true,"showSkybox":false,"showFlares":true,"showImageEffects":true,"showParticleSystems":true,"showVisualEffectGraphs":true,"m_FxEnabled":true},"in2DMode":false,"pivot":{"x":0.9545103311538696,"y":1.6487419605255128,"z":-3.665273666381836},"rotation":{"x":-0.004277263768017292,"y":0.9949433207511902,"z":0.0879722535610199,"w":0.04840821400284767},"size":2.9867501258850099,"orthographic":false}