{"cameraMode":{"drawMode":0,"name":"Shaded","section":"Shading Mode"},"sceneLighting":false,"audioPlay":false,"sceneViewState":{"m_AlwaysRefresh":false,"showFog":true,"showSkybox":false,"showFlares":true,"showImageEffects":true,"showParticleSystems":true,"showVisualEffectGraphs":true,"m_FxEnabled":true},"in2DMode":false,"pivot":{"x":-0.005836993455886841,"y":0.5809971690177918,"z":2.807589292526245},"rotation":{"x":-0.09040043503046036,"y":0.5620079636573792,"z":-0.06195089593529701,"w":-0.8198660016059876},"size":3.1365199089050295,"orthographic":true}