{"cameraMode":{"drawMode":0,"name":"Shaded","section":"Shading Mode"},"sceneLighting":false,"audioPlay":false,"sceneViewState":{"m_AlwaysRefresh":false,"showFog":true,"showSkybox":false,"showFlares":true,"showImageEffects":true,"showParticleSystems":true,"showVisualEffectGraphs":true,"m_FxEnabled":true},"in2DMode":false,"pivot":{"x":-0.5463515520095825,"y":0.30940407514572146,"z":-0.10060036182403565},"rotation":{"x":-0.020740948617458345,"y":0.9133590459823608,"z":-0.04690667986869812,"w":-0.4039267599582672},"size":1.490499496459961,"orthographic":false}