{"cameraMode":{"drawMode":0,"name":"Shaded","section":"Shading Mode"},"sceneLighting":false,"audioPlay":false,"sceneViewState":{"m_AlwaysRefresh":false,"showFog":true,"showSkybox":false,"showFlares":true,"showImageEffects":true,"showParticleSystems":true,"showVisualEffectGraphs":true,"m_FxEnabled":true},"in2DMode":false,"pivot":{"x":-0.4483509063720703,"y":-1.9720954895019532,"z":-1.3094768524169922},"rotation":{"x":-0.33419689536094668,"y":-0.29816290736198428,"z":0.11235864460468292,"w":-0.8870545029640198},"size":7.088726043701172,"orthographic":true}