{"cameraMode":{"drawMode":0,"name":"Shaded","section":"Shading Mode"},"sceneLighting":false,"audioPlay":false,"sceneViewState":{"m_AlwaysRefresh":false,"showFog":true,"showSkybox":false,"showFlares":true,"showImageEffects":true,"showParticleSystems":true,"showVisualEffectGraphs":true,"m_FxEnabled":true},"in2DMode":false,"pivot":{"x":4.0978193283081057e-8,"y":0.2935808002948761,"z":-7.450580596923828e-9},"rotation":{"x":-0.02700861357152462,"y":0.9552987813949585,"z":-0.09229007363319397,"w":-0.2795671224594116},"size":0.30206799507141116,"orthographic":false}