{"cameraMode":{"drawMode":0,"name":"Shaded","section":"Shading Mode"},"sceneLighting":false,"audioPlay":false,"sceneViewState":{"m_AlwaysRefresh":false,"showFog":true,"showSkybox":false,"showFlares":true,"showImageEffects":true,"showParticleSystems":true,"showVisualEffectGraphs":true,"m_FxEnabled":true},"in2DMode":false,"pivot":{"x":0.5250394344329834,"y":0.08886312693357468,"z":0.5361749529838562},"rotation":{"x":0.19319334626197816,"y":-0.6370338201522827,"z":0.1693316102027893,"w":0.7267757654190064},"size":0.09599923342466355,"orthographic":false}