{"cameraMode":{"drawMode":0,"name":"Shaded","section":"Shading Mode"},"sceneLighting":false,"audioPlay":false,"sceneViewState":{"m_AlwaysRefresh":false,"showFog":true,"showSkybox":false,"showFlares":true,"showImageEffects":true,"showParticleSystems":true,"showVisualEffectGraphs":true,"m_FxEnabled":true},"in2DMode":false,"pivot":{"x":0.003313899040222168,"y":0.20009580254554749,"z":-0.012415945529937745},"rotation":{"x":-0.1807369440793991,"y":0.651023805141449,"z":-0.16366985440254212,"w":-0.7188578248023987},"size":0.28704965114593508,"orthographic":true}