{"cameraMode":{"drawMode":0,"name":"Shaded","section":"Shading Mode"},"sceneLighting":false,"audioPlay":false,"sceneViewState":{"m_AlwaysRefresh":false,"showFog":true,"showSkybox":false,"showFlares":true,"showImageEffects":true,"showParticleSystems":true,"showVisualEffectGraphs":true,"m_FxEnabled":true},"in2DMode":false,"pivot":{"x":0.2042452096939087,"y":0.010527253150939942,"z":0.25566989183425906},"rotation":{"x":0.006870634388178587,"y":0.7719637155532837,"z":-0.008345033973455429,"w":0.6355752348899841},"size":1.5159732103347779,"orthographic":false}